movie,type,word,year
Reservoir Dogs,word,dick,1992
Reservoir Dogs,word,dicks,1992
Reservoir Dogs,word,fucked,1992
Reservoir Dogs,word,fucking,1992
Reservoir Dogs,word,bullshit,1992
Reservoir Dogs,word,fuck,1992
Reservoir Dogs,word,shit,1992
Reservoir Dogs,word,fuck,1992
Reservoir Dogs,word,dicks,1992
Reservoir Dogs,word,fuck,1992
Reservoir Dogs,word,dick,1992
Reservoir Dogs,word,dick,1992
Reservoir Dogs,word,dick,1992
Reservoir Dogs,word,dick,1992
Reservoir Dogs,word,dick,1992
Reservoir Dogs,word,dick,1992
Reservoir Dogs,word,dick,1992
Reservoir Dogs,word,dicks,1992
Reservoir Dogs,word,motherfucker,1992
Reservoir Dogs,word,dick,1992
Reservoir Dogs,word,pussy,1992
Reservoir Dogs,word,fucks,1992
Reservoir Dogs,word,fuck,1992
Reservoir Dogs,word,fucking,1992
Reservoir Dogs,word,hell,1992
Reservoir Dogs,word,fucking,1992
Reservoir Dogs,word,fucking,1992
Reservoir Dogs,word,dick,1992
Reservoir Dogs,word,jap,1992
Reservoir Dogs,word,fuck,1992
Reservoir Dogs,word,shit,1992
Reservoir Dogs,word,fucking,1992
Reservoir Dogs,word,fucking,1992
Reservoir Dogs,word,fucking,1992
Reservoir Dogs,word,motherfucker,1992
Reservoir Dogs,word,motherfucker,1992
Reservoir Dogs,word,shit,1992
Reservoir Dogs,word,shit,1992
Reservoir Dogs,word,fucking,1992
Reservoir Dogs,word,dick,1992
Reservoir Dogs,word,fucking,1992
Reservoir Dogs,word,fucking,1992
Reservoir Dogs,word,fucking,1992
Reservoir Dogs,word,fucking,1992
Reservoir Dogs,word,bullshit,1992
Reservoir Dogs,word,fuck,1992
Reservoir Dogs,word,fucked,1992
Reservoir Dogs,word,fucks,1992
Reservoir Dogs,word,bullshit,1992
Reservoir Dogs,word,fucking,1992
Reservoir Dogs,word,fucking,1992
Reservoir Dogs,word,bastard,1992
Reservoir Dogs,word,goddamn,1992
Reservoir Dogs,word,goddamn,1992
Reservoir Dogs,word,shit,1992
Reservoir Dogs,word,fucking,1992
Reservoir Dogs,word,shit,1992
Reservoir Dogs,word,fucking,1992
Reservoir Dogs,word,shit,1992
Reservoir Dogs,word,goddamn,1992
Reservoir Dogs,word,fucking,1992
Reservoir Dogs,word,fucking,1992
Reservoir Dogs,word,fucking,1992
Reservoir Dogs,word,fucking,1992
Reservoir Dogs,word,fucking,1992
Reservoir Dogs,word,fucking,1992
Reservoir Dogs,word,fucking,1992
Reservoir Dogs,word,fucking,1992
Reservoir Dogs,word,fuck,1992
Reservoir Dogs,word,fucking,1992
Reservoir Dogs,word,fucking,1992
Reservoir Dogs,word,fucking,1992
Reservoir Dogs,word,fucking,1992
Reservoir Dogs,word,shit,1992
Reservoir Dogs,word,fuck,1992
Reservoir Dogs,word,fuck,1992
Reservoir Dogs,word,fucking,1992
Reservoir Dogs,word,fucked,1992
Reservoir Dogs,word,fucked,1992
Reservoir Dogs,word,fucked,1992
Reservoir Dogs,word,fuck,1992
Reservoir Dogs,word,motherfuckers,1992
Reservoir Dogs,word,fucking,1992
Reservoir Dogs,word,fuck,1992
Reservoir Dogs,word,fucking,1992
Reservoir Dogs,word,fucking,1992
Reservoir Dogs,word,fuck,1992
Reservoir Dogs,word,fucking,1992
Reservoir Dogs,word,fucking,1992
Reservoir Dogs,word,fucking,1992
Reservoir Dogs,word,shit,1992
Reservoir Dogs,word,fucking,1992
Reservoir Dogs,word,fuck,1992
Reservoir Dogs,word,fuck,1992
Reservoir Dogs,word,fuck,1992
Reservoir Dogs,word,fucking,1992
Reservoir Dogs,word,asshole,1992
Reservoir Dogs,word,fuck,1992
Reservoir Dogs,word,fucking,1992
Reservoir Dogs,word,fuck,1992
Reservoir Dogs,word,fucking,1992
Reservoir Dogs,word,fuck,1992
Reservoir Dogs,word,motherfucker,1992
Reservoir Dogs,word,fuck,1992
Reservoir Dogs,word,goddamn,1992
Reservoir Dogs,word,ass,1992
Reservoir Dogs,word,fuck,1992
Reservoir Dogs,word,fucking,1992
Reservoir Dogs,word,assholes,1992
Reservoir Dogs,word,fucking,1992
Reservoir Dogs,word,fuck,1992
Reservoir Dogs,word,fucking,1992
Reservoir Dogs,word,fuck,1992
Reservoir Dogs,word,fucking,1992
Reservoir Dogs,word,fucking,1992
Reservoir Dogs,word,shit,1992
Reservoir Dogs,word,fuck,1992
Reservoir Dogs,word,fucking,1992
Reservoir Dogs,word,bullshit,1992
Reservoir Dogs,word,fucking,1992
Reservoir Dogs,word,fucking,1992
Reservoir Dogs,word,fucking,1992
Reservoir Dogs,word,fucking,1992
Reservoir Dogs,word,hell,1992
Reservoir Dogs,word,shit,1992
Reservoir Dogs,word,fucking,1992
Reservoir Dogs,word,fucking,1992
Reservoir Dogs,word,shit,1992
Reservoir Dogs,word,shit,1992
Reservoir Dogs,word,hell,1992
Reservoir Dogs,word,fucking,1992
Reservoir Dogs,word,fuck,1992
Reservoir Dogs,word,fucking,1992
Reservoir Dogs,word,fuck,1992
Reservoir Dogs,word,fuck,1992
Reservoir Dogs,word,fucking,1992
Reservoir Dogs,word,hell,1992
Reservoir Dogs,word,fucking,1992
Reservoir Dogs,word,fuck,1992
Reservoir Dogs,word,fucking,1992
Reservoir Dogs,word,shit,1992
Reservoir Dogs,word,fuck,1992
Reservoir Dogs,word,fucking,1992
Reservoir Dogs,word,shit,1992
Reservoir Dogs,word,asshole,1992
Reservoir Dogs,word,shit,1992
Reservoir Dogs,word,fucking,1992
Reservoir Dogs,word,fucking,1992
Reservoir Dogs,word,fuck,1992
Reservoir Dogs,word,fucking,1992
Reservoir Dogs,word,fucking,1992
Reservoir Dogs,word,fucking,1992
Reservoir Dogs,word,fuck,1992
Reservoir Dogs,word,fucking,1992
Reservoir Dogs,word,fuck,1992
Reservoir Dogs,word,asshole,1992
Reservoir Dogs,word,assholes,1992
Reservoir Dogs,word,fuck,1992
Reservoir Dogs,word,fucking,1992
Reservoir Dogs,word,fucking,1992
Reservoir Dogs,word,n-word ,1992
Reservoir Dogs,word,n-word ,1992
Reservoir Dogs,word,fucking,1992
Reservoir Dogs,word,fucking,1992
Reservoir Dogs,word,fuck,1992
Reservoir Dogs,word,asses,1992
Reservoir Dogs,word,fuck,1992
Reservoir Dogs,word,shit,1992
Reservoir Dogs,word,fucking,1992
Reservoir Dogs,word,fuck,1992
Reservoir Dogs,word,fucking,1992
Reservoir Dogs,word,fuck,1992
Reservoir Dogs,word,fucking,1992
Reservoir Dogs,word,asshole,1992
Reservoir Dogs,word,fucking,1992
Reservoir Dogs,word,hell,1992
Reservoir Dogs,word,hell,1992
Reservoir Dogs,word,bitch,1992
Reservoir Dogs,word,fucking,1992
Reservoir Dogs,word,ass,1992
Reservoir Dogs,word,ass,1992
Reservoir Dogs,word,fuckup,1992
Reservoir Dogs,word,shit,1992
Reservoir Dogs,word,fuck,1992
Reservoir Dogs,word,bastard,1992
Reservoir Dogs,word,fuck,1992
Reservoir Dogs,word,fuck,1992
Reservoir Dogs,word,fucking,1992
Reservoir Dogs,word,ass,1992
Reservoir Dogs,word,bitch,1992
Reservoir Dogs,word,fucking,1992
Reservoir Dogs,word,n-word ,1992
Reservoir Dogs,word,ass,1992
Reservoir Dogs,word,fucking,1992
Reservoir Dogs,word,bitch,1992
Reservoir Dogs,word,bitch,1992
Reservoir Dogs,word,shit,1992
Reservoir Dogs,word,fuck,1992
Reservoir Dogs,word,motherfucker,1992
Reservoir Dogs,word,fucker,1992
Reservoir Dogs,word,shitty,1992
Reservoir Dogs,word,asshead,1992
Reservoir Dogs,word,fucking,1992
Reservoir Dogs,word,fucking,1992
Reservoir Dogs,word,shit,1992
Reservoir Dogs,word,fuck,1992
Reservoir Dogs,word,fuck,1992
Reservoir Dogs,word,shit,1992
Reservoir Dogs,word,fucking,1992
Reservoir Dogs,word,shit,1992
Reservoir Dogs,word,fucked,1992
Reservoir Dogs,word,fuck,1992
Reservoir Dogs,word,fucking,1992
Reservoir Dogs,word,damn,1992
Reservoir Dogs,word,fucking,1992
Reservoir Dogs,word,fuck,1992
Reservoir Dogs,word,fucking,1992
Reservoir Dogs,word,fucking,1992
Reservoir Dogs,word,fuck,1992
Reservoir Dogs,word,fucking,1992
Reservoir Dogs,word,fucking,1992
Reservoir Dogs,word,fucking,1992
Reservoir Dogs,word,fucking,1992
Reservoir Dogs,word,fucking,1992
Reservoir Dogs,word,fucking,1992
Reservoir Dogs,word,fucking,1992
Reservoir Dogs,word,fucking,1992
Reservoir Dogs,word,shit,1992
Reservoir Dogs,word,fucking,1992
Reservoir Dogs,word,bullshit,1992
Reservoir Dogs,word,fuck,1992
Reservoir Dogs,word,fucking,1992
Reservoir Dogs,word,fucking,1992
Reservoir Dogs,word,hell,1992
Reservoir Dogs,word,fucking,1992
Reservoir Dogs,word,fucking,1992
Reservoir Dogs,word,assholes,1992
Reservoir Dogs,word,asshole,1992
Reservoir Dogs,word,fucking,1992
Reservoir Dogs,word,fucking,1992
Reservoir Dogs,word,fucking,1992
Reservoir Dogs,word,fucking,1992
Reservoir Dogs,word,fucking,1992
Reservoir Dogs,word,fucking,1992
Reservoir Dogs,word,fucking,1992
Reservoir Dogs,word,fucking,1992
Reservoir Dogs,word,bastard,1992
Reservoir Dogs,word,fuck,1992
Reservoir Dogs,word,fucking,1992
Reservoir Dogs,word,goddamn,1992
Reservoir Dogs,word,fucking,1992
Reservoir Dogs,word,fucking,1992
Reservoir Dogs,word,fucking,1992
Reservoir Dogs,word,fucking,1992
Reservoir Dogs,word,bastard,1992
Reservoir Dogs,word,fucking,1992
Reservoir Dogs,word,motherfucker,1992
Reservoir Dogs,word,fucking,1992
Reservoir Dogs,word,fucking,1992
Reservoir Dogs,word,fucking,1992
Reservoir Dogs,word,fuck,1992
Reservoir Dogs,word,fucking,1992
Reservoir Dogs,word,fucking,1992
Reservoir Dogs,word,shit,1992
Reservoir Dogs,word,bitch,1992
Reservoir Dogs,word,bullshit,1992
Reservoir Dogs,word,fuck,1992
Reservoir Dogs,word,fuck,1992
Reservoir Dogs,word,shit,1992
Reservoir Dogs,word,shit,1992
Reservoir Dogs,word,fuck,1992
Reservoir Dogs,word,fuck,1992
Reservoir Dogs,word,fuck,1992
Reservoir Dogs,word,fucking,1992
Reservoir Dogs,word,bastard,1992
Reservoir Dogs,word,fuck,1992
Reservoir Dogs,word,fucking,1992
Reservoir Dogs,word,fucking,1992
Reservoir Dogs,word,fucking,1992
Reservoir Dogs,word,fuck,1992
Reservoir Dogs,word,fuck,1992
Reservoir Dogs,word,fucking,1992
Reservoir Dogs,word,fucking,1992
Reservoir Dogs,word,pussy,1992
Reservoir Dogs,word,fucking,1992
Reservoir Dogs,word,motherfucker,1992
Reservoir Dogs,word,ass,1992
Reservoir Dogs,word,goddamn,1992
Reservoir Dogs,word,fucking,1992
Reservoir Dogs,word,motherfucker,1992
Reservoir Dogs,word,ass,1992
Reservoir Dogs,word,damned,1992
Reservoir Dogs,word,motherfucker,1992
Reservoir Dogs,word,ass,1992
Reservoir Dogs,word,fucking,1992
Reservoir Dogs,word,fucking,1992
Reservoir Dogs,word,fucking,1992
Reservoir Dogs,word,fucking,1992
Reservoir Dogs,word,fucking,1992
Reservoir Dogs,word,ass,1992
Reservoir Dogs,word,hell,1992
Reservoir Dogs,word,bullshit,1992
Reservoir Dogs,word,fucking,1992
Reservoir Dogs,word,fucking,1992
Reservoir Dogs,word,shit,1992
Reservoir Dogs,word,fucking,1992
Reservoir Dogs,word,shit,1992
Reservoir Dogs,word,motherfucker,1992
Reservoir Dogs,word,fucking,1992
Reservoir Dogs,word,fucking,1992
Reservoir Dogs,word,fuck,1992
Reservoir Dogs,word,shit,1992
Reservoir Dogs,word,bitch,1992
Reservoir Dogs,word,shit,1992
Reservoir Dogs,word,ass,1992
Reservoir Dogs,word,fucking,1992
Reservoir Dogs,word,fucking,1992
Reservoir Dogs,word,fucking,1992
Reservoir Dogs,word,motherfucker,1992
Reservoir Dogs,word,shit,1992
Reservoir Dogs,word,fucking,1992
Reservoir Dogs,word,ass,1992
Reservoir Dogs,word,fucking,1992
Reservoir Dogs,word,fucking,1992
Reservoir Dogs,word,fuck,1992
Reservoir Dogs,word,fucking,1992
Reservoir Dogs,word,fucking,1992
Reservoir Dogs,word,asshole,1992
Reservoir Dogs,word,fucking,1992
Reservoir Dogs,word,fucking,1992
Reservoir Dogs,word,bitch,1992
Reservoir Dogs,word,fucking,1992
Reservoir Dogs,word,fucking,1992
Reservoir Dogs,word,shit,1992
Reservoir Dogs,word,shit,1992
Reservoir Dogs,word,bitch,1992
Reservoir Dogs,word,shit,1992
Reservoir Dogs,word,motherfucker,1992
Reservoir Dogs,word,pussy,1992
Reservoir Dogs,word,shit,1992
Reservoir Dogs,word,fucking,1992
Reservoir Dogs,word,fucking,1992
Reservoir Dogs,word,bitch,1992
Reservoir Dogs,word,bitch,1992
Reservoir Dogs,word,fuck,1992
Reservoir Dogs,word,n-word ,1992
Reservoir Dogs,word,shit,1992
Reservoir Dogs,word,n-word ,1992
Reservoir Dogs,word,ass,1992
Reservoir Dogs,word,bitches,1992
Reservoir Dogs,word,fuck,1992
Reservoir Dogs,word,fucking,1992
Reservoir Dogs,word,fuck,1992
Reservoir Dogs,word,fucking,1992
Reservoir Dogs,word,wetback,1992
Reservoir Dogs,word,shit,1992
Reservoir Dogs,word,fucking,1992
Reservoir Dogs,word,shit,1992
Reservoir Dogs,word,fucking,1992
Reservoir Dogs,word,dick,1992
Reservoir Dogs,word,dick,1992
Reservoir Dogs,word,fucking,1992
Reservoir Dogs,word,fuck,1992
Reservoir Dogs,word,bullshit,1992
Reservoir Dogs,word,fucking,1992
Reservoir Dogs,word,hell,1992
Reservoir Dogs,word,faggot,1992
Reservoir Dogs,word,shit,1992
Reservoir Dogs,word,pussy,1992
Reservoir Dogs,word,goddamn,1992
Reservoir Dogs,word,fucking,1992
Reservoir Dogs,word,fucking,1992
Reservoir Dogs,word,goddamn,1992
Reservoir Dogs,word,goddamn,1992
Reservoir Dogs,word,ass,1992
Reservoir Dogs,word,fucking,1992
Reservoir Dogs,word,shit,1992
Reservoir Dogs,word,bitch,1992
Reservoir Dogs,word,fuck,1992
Reservoir Dogs,word,fuck,1992
Reservoir Dogs,word,bitch,1992
Reservoir Dogs,word,fuck,1992
Reservoir Dogs,word,fuck,1992
Reservoir Dogs,word,fucking,1992
Reservoir Dogs,word,fucking,1992
Reservoir Dogs,word,fucking,1992
Reservoir Dogs,word,shit,1992
Reservoir Dogs,word,fucking,1992
Reservoir Dogs,word,shit,1992
Reservoir Dogs,word,fuck,1992
Reservoir Dogs,word,hell,1992
Reservoir Dogs,word,shit,1992
Reservoir Dogs,word,fucking,1992
Reservoir Dogs,word,fucking,1992
Reservoir Dogs,word,fucking,1992
Reservoir Dogs,word,fucking,1992
Reservoir Dogs,word,fucking,1992
Reservoir Dogs,word,hell,1992
Reservoir Dogs,word,bullshit,1992
Reservoir Dogs,word,hell,1992
Reservoir Dogs,word,fuck,1992
Reservoir Dogs,word,shit,1992
Reservoir Dogs,word,fucking,1992
Reservoir Dogs,word,fucking,1992
Reservoir Dogs,word,shit,1992
Reservoir Dogs,word,cocksucker,1992
Reservoir Dogs,word,fucking,1992
Reservoir Dogs,word,fucking,1992
Reservoir Dogs,word,fucking,1992
Reservoir Dogs,word,fucking,1992
Reservoir Dogs,word,fucking,1992
Reservoir Dogs,word,fucking,1992
Reservoir Dogs,word,goddamn,1992
Reservoir Dogs,word,fucking,1992
Reservoir Dogs,word,fucking,1992
Reservoir Dogs,word,fucking,1992
Reservoir Dogs,word,fucking,1992
Reservoir Dogs,word,fucking,1992
Reservoir Dogs,word,fucking,1992
Reservoir Dogs,word,fucking,1992
Reservoir Dogs,word,fucking,1992
Pulp Fiction,word,shit,1994
Pulp Fiction,word,fucking,1994
Pulp Fiction,word,fuck,1994
Pulp Fiction,word,fucking,1994
Pulp Fiction,word,fucking,1994
Pulp Fiction,word,fucking,1994
Pulp Fiction,word,fucking,1994
Pulp Fiction,word,fuck,1994
Pulp Fiction,word,gook,1994
Pulp Fiction,word,fuckers,1994
Pulp Fiction,word,gooks,1994
Pulp Fiction,word,fucking,1994
Pulp Fiction,word,fucking,1994
Pulp Fiction,word,fucking,1994
Pulp Fiction,word,fuck,1994
Pulp Fiction,word,fuck,1994
Pulp Fiction,word,fucking,1994
Pulp Fiction,word,wetback,1994
Pulp Fiction,word,fuck,1994
Pulp Fiction,word,fucking,1994
Pulp Fiction,word,motherfucking,1994
Pulp Fiction,word,fucking,1994
Pulp Fiction,word,shit,1994
Pulp Fiction,word,fuck,1994
Pulp Fiction,word,goddamn,1994
Pulp Fiction,word,fucking,1994
Pulp Fiction,word,shit,1994
Pulp Fiction,word,fucking,1994
Pulp Fiction,word,n-word ,1994
Pulp Fiction,word,fucked,1994
Pulp Fiction,word,fuck,1994
Pulp Fiction,word,ass,1994
Pulp Fiction,word,n-word ,1994
Pulp Fiction,word,n-word ,1994
Pulp Fiction,word,damn,1994
Pulp Fiction,word,pussy,1994
Pulp Fiction,word,fucking,1994
Pulp Fiction,word,bitch,1994
Pulp Fiction,word,bitch,1994
Pulp Fiction,word,fucking,1994
Pulp Fiction,word,fucking,1994
Pulp Fiction,word,fucking,1994
Pulp Fiction,word,fucking,1994
Pulp Fiction,word,shit,1994
Pulp Fiction,word,fucking,1994
Pulp Fiction,word,shit,1994
Pulp Fiction,word,fuck,1994
Pulp Fiction,word,fuck,1994
Pulp Fiction,word,motherfucking,1994
Pulp Fiction,word,fucking,1994
Pulp Fiction,word,n-word ,1994
Pulp Fiction,word,shit,1994
Pulp Fiction,word,motherfucker,1994
Pulp Fiction,word,shit,1994
Pulp Fiction,word,ass,1994
Pulp Fiction,word,motherfucker,1994
Pulp Fiction,word,fucking,1994
Pulp Fiction,word,fucking,1994
Pulp Fiction,word,fucking,1994
Pulp Fiction,word,fucking,1994
Pulp Fiction,word,shit,1994
Pulp Fiction,word,motherfucker,1994
Pulp Fiction,word,shit,1994
Pulp Fiction,word,goddamn,1994
Pulp Fiction,word,ass,1994
Pulp Fiction,word,shit,1994
Pulp Fiction,word,fucked,1994
Pulp Fiction,word,motherfucker,1994
Pulp Fiction,word,motherfucker,1994
Pulp Fiction,word,goddamn,1994
Pulp Fiction,word,bitch,1994
Pulp Fiction,word,bitch,1994
Pulp Fiction,word,fuck,1994
Pulp Fiction,word,bitch,1994
Pulp Fiction,word,fuck,1994
Pulp Fiction,word,fucked,1994
Pulp Fiction,word,shit,1994
Pulp Fiction,word,motherfucker,1994
Pulp Fiction,word,motherfucking,1994
Pulp Fiction,word,ass,1994
Pulp Fiction,word,motherfuckers,1994
Pulp Fiction,word,motherfuckers,1994
Pulp Fiction,word,ass,1994
Pulp Fiction,word,n-word ,1994
Pulp Fiction,word,fucking,1994
Pulp Fiction,word,fuck,1994
Pulp Fiction,word,shit,1994
Pulp Fiction,word,ass,1994
Pulp Fiction,word,ass,1994
Pulp Fiction,word,asses,1994
Pulp Fiction,word,goddamn,1994
Pulp Fiction,word,n-word ,1994
Pulp Fiction,word,fucking,1994
Pulp Fiction,word,goddamn,1994
Pulp Fiction,word,fucking,1994
Pulp Fiction,word,fucking,1994
Pulp Fiction,word,shit,1994
Pulp Fiction,word,fucking,1994
Pulp Fiction,word,asshole,1994
Pulp Fiction,word,n-word ,1994
Pulp Fiction,word,ass,1994
Pulp Fiction,word,shit,1994
Pulp Fiction,word,fucking,1994
Pulp Fiction,word,n-word ,1994
Pulp Fiction,word,shit,1994
Pulp Fiction,word,shit,1994
Pulp Fiction,word,shit,1994
Pulp Fiction,word,shit,1994
Pulp Fiction,word,fucking,1994
Pulp Fiction,word,fucking,1994
Pulp Fiction,word,fucking,1994
Pulp Fiction,word,shit,1994
Pulp Fiction,word,fucker,1994
Pulp Fiction,word,fucking,1994
Pulp Fiction,word,fucked,1994
Pulp Fiction,word,dickless,1994
Pulp Fiction,word,shit,1994
Pulp Fiction,word,fucked,1994
Pulp Fiction,word,fucking,1994
Pulp Fiction,word,asshole,1994
Pulp Fiction,word,fucker,1994
Pulp Fiction,word,chickenshit,1994
Pulp Fiction,word,fucking,1994
Pulp Fiction,word,fuck,1994
Pulp Fiction,word,fuck,1994
Pulp Fiction,word,hell,1994
Pulp Fiction,word,hell,1994
Pulp Fiction,word,goddamn,1994
Pulp Fiction,word,fucking,1994
Pulp Fiction,word,fucking,1994
Pulp Fiction,word,bullshit,1994
Pulp Fiction,word,fuck,1994
Pulp Fiction,word,goddamn,1994
Pulp Fiction,word,goddamn,1994
Pulp Fiction,word,goddamn,1994
Pulp Fiction,word,fucking,1994
Pulp Fiction,word,fuck,1994
Pulp Fiction,word,fuck,1994
Pulp Fiction,word,fuck,1994
Pulp Fiction,word,fucking,1994
Pulp Fiction,word,fuck,1994
Pulp Fiction,word,fuck,1994
Pulp Fiction,word,goddamn,1994
Pulp Fiction,word,fucking,1994
Pulp Fiction,word,assholes,1994
Pulp Fiction,word,fucking,1994
Pulp Fiction,word,asshole,1994
Pulp Fiction,word,fucking,1994
Pulp Fiction,word,fucking,1994
Pulp Fiction,word,fucking,1994
Pulp Fiction,word,fucked,1994
Pulp Fiction,word,fucking,1994
Pulp Fiction,word,fucking,1994
Pulp Fiction,word,fucking,1994
Pulp Fiction,word,fucked,1994
Pulp Fiction,word,fucking,1994
Pulp Fiction,word,hell,1994
Pulp Fiction,word,fucking,1994
Pulp Fiction,word,shit,1994
Pulp Fiction,word,fuck,1994
Pulp Fiction,word,fucking,1994
Pulp Fiction,word,fucked,1994
Pulp Fiction,word,bitch,1994
Pulp Fiction,word,fucked,1994
Pulp Fiction,word,bitch,1994
Pulp Fiction,word,fucking,1994
Pulp Fiction,word,fucking,1994
Pulp Fiction,word,shit,1994
Pulp Fiction,word,shit,1994
Pulp Fiction,word,goddamn,1994
Pulp Fiction,word,fuck,1994
Pulp Fiction,word,hell,1994
Pulp Fiction,word,fucking,1994
Pulp Fiction,word,fuck,1994
Pulp Fiction,word,fuck,1994
Pulp Fiction,word,fucking,1994
Pulp Fiction,word,bitch,1994
Pulp Fiction,word,fuck,1994
Pulp Fiction,word,fucking,1994
Pulp Fiction,word,fucking,1994
Pulp Fiction,word,fuck,1994
Pulp Fiction,word,fucking,1994
Pulp Fiction,word,fucking,1994
Pulp Fiction,word,fucking,1994
Pulp Fiction,word,fuck,1994
Pulp Fiction,word,bitch,1994
Pulp Fiction,word,fucking,1994
Pulp Fiction,word,fucking,1994
Pulp Fiction,word,fucking,1994
Pulp Fiction,word,hell,1994
Pulp Fiction,word,gooks,1994
Pulp Fiction,word,damned,1994
Pulp Fiction,word,slope,1994
Pulp Fiction,word,ass,1994
Pulp Fiction,word,ass,1994
Pulp Fiction,word,ass,1994
Pulp Fiction,word,ass,1994
Pulp Fiction,word,ass,1994
Pulp Fiction,word,goddamn,1994
Pulp Fiction,word,motherfucker,1994
Pulp Fiction,word,n-word ,1994
Pulp Fiction,word,ass,1994
Pulp Fiction,word,shit,1994
Pulp Fiction,word,fuck,1994
Pulp Fiction,word,fuck,1994
Pulp Fiction,word,fucking,1994
Pulp Fiction,word,fuck,1994
Pulp Fiction,word,fuck,1994
Pulp Fiction,word,goddamn,1994
Pulp Fiction,word,damn,1994
Pulp Fiction,word,fuckhead,1994
Pulp Fiction,word,merde,1994
Pulp Fiction,word,fucking,1994
Pulp Fiction,word,fuck,1994
Pulp Fiction,word,fuck,1994
Pulp Fiction,word,fucking,1994
Pulp Fiction,word,shit,1994
Pulp Fiction,word,fucking,1994
Pulp Fiction,word,fuck,1994
Pulp Fiction,word,fuck,1994
Pulp Fiction,word,fuck,1994
Pulp Fiction,word,fuck,1994
Pulp Fiction,word,motherfucker,1994
Pulp Fiction,word,fuck,1994
Pulp Fiction,word,fucking,1994
Pulp Fiction,word,fucking,1994
Pulp Fiction,word,fuck,1994
Pulp Fiction,word,shit,1994
Pulp Fiction,word,fucking,1994
Pulp Fiction,word,fucking,1994
Pulp Fiction,word,motherfucker,1994
Pulp Fiction,word,damned,1994
Pulp Fiction,word,fuck,1994
Pulp Fiction,word,motherfucker,1994
Pulp Fiction,word,fucking,1994
Pulp Fiction,word,shit,1994
Pulp Fiction,word,motherfucking,1994
Pulp Fiction,word,goddamn,1994
Pulp Fiction,word,n-word ,1994
Pulp Fiction,word,n-word ,1994
Pulp Fiction,word,goddamn,1994
Pulp Fiction,word,goddamn,1994
Pulp Fiction,word,fucker,1994
Pulp Fiction,word,motherfucker,1994
Pulp Fiction,word,motherfucker,1994
Pulp Fiction,word,fuck,1994
Pulp Fiction,word,fuck,1994
Pulp Fiction,word,fuck,1994
Pulp Fiction,word,fuck,1994
Pulp Fiction,word,fucking,1994
Pulp Fiction,word,n-word ,1994
Pulp Fiction,word,damn,1994
Pulp Fiction,word,ass,1994
Pulp Fiction,word,ass,1994
Pulp Fiction,word,ass,1994
Pulp Fiction,word,shit,1994
Pulp Fiction,word,fuck,1994
Pulp Fiction,word,fucking,1994
Pulp Fiction,word,fucking,1994
Pulp Fiction,word,fuck,1994
Pulp Fiction,word,fucked,1994
Pulp Fiction,word,fucked,1994
Pulp Fiction,word,fucked,1994
Pulp Fiction,word,fuck,1994
Pulp Fiction,word,goddamn,1994
Pulp Fiction,word,damn,1994
Pulp Fiction,word,fuck,1994
Pulp Fiction,word,shit,1994
Pulp Fiction,word,motherfuckers,1994
Pulp Fiction,word,fuck,1994
Pulp Fiction,word,goddamn,1994
Pulp Fiction,word,fucking,1994
Pulp Fiction,word,shit,1994
Pulp Fiction,word,motherfucking,1994
Pulp Fiction,word,fucking,1994
Pulp Fiction,word,shit,1994
Pulp Fiction,word,fucking,1994
Pulp Fiction,word,shit,1994
Pulp Fiction,word,shit,1994
Pulp Fiction,word,fucking,1994
Pulp Fiction,word,fucking,1994
Pulp Fiction,word,n-word ,1994
Pulp Fiction,word,shit,1994
Pulp Fiction,word,fucking,1994
Pulp Fiction,word,fuck,1994
Pulp Fiction,word,ass,1994
Pulp Fiction,word,goddamn,1994
Pulp Fiction,word,fucking,1994
Pulp Fiction,word,ass,1994
Pulp Fiction,word,damn,1994
Pulp Fiction,word,fuck,1994
Pulp Fiction,word,shit,1994
Pulp Fiction,word,fuck,1994
Pulp Fiction,word,ass,1994
Pulp Fiction,word,shit,1994
Pulp Fiction,word,motherfucking,1994
Pulp Fiction,word,bitch,1994
Pulp Fiction,word,fucking,1994
Pulp Fiction,word,motherfucker,1994
Pulp Fiction,word,shit,1994
Pulp Fiction,word,fucking,1994
Pulp Fiction,word,fucking,1994
Pulp Fiction,word,shit,1994
Pulp Fiction,word,ass,1994
Pulp Fiction,word,fuck,1994
Pulp Fiction,word,fucking,1994
Pulp Fiction,word,shit,1994
Pulp Fiction,word,fucking,1994
Pulp Fiction,word,asses,1994
Pulp Fiction,word,shit,1994
Pulp Fiction,word,shit,1994
Pulp Fiction,word,shit,1994
Pulp Fiction,word,ass,1994
Pulp Fiction,word,fuck,1994
Pulp Fiction,word,n-word ,1994
Pulp Fiction,word,fuck,1994
Pulp Fiction,word,shit,1994
Pulp Fiction,word,fucking,1994
Pulp Fiction,word,goddamn,1994
Pulp Fiction,word,shit,1994
Pulp Fiction,word,goddamn,1994
Pulp Fiction,word,shit,1994
Pulp Fiction,word,shit,1994
Pulp Fiction,word,fucking,1994
Pulp Fiction,word,shit,1994
Pulp Fiction,word,n-word ,1994
Pulp Fiction,word,n-word ,1994
Pulp Fiction,word,shit,1994
Pulp Fiction,word,n-word ,1994
Pulp Fiction,word,n-word ,1994
Pulp Fiction,word,fucking,1994
Pulp Fiction,word,motherfucker,1994
Pulp Fiction,word,fucking,1994
Pulp Fiction,word,fucking,1994
Pulp Fiction,word,fucking,1994
Pulp Fiction,word,fucking,1994
Pulp Fiction,word,fucking,1994
Pulp Fiction,word,fuck,1994
Pulp Fiction,word,fuck,1994
Pulp Fiction,word,shit,1994
Pulp Fiction,word,fuck,1994
Pulp Fiction,word,shit,1994
Pulp Fiction,word,fucking,1994
Pulp Fiction,word,shit,1994
Pulp Fiction,word,fuck,1994
Pulp Fiction,word,shit,1994
Pulp Fiction,word,fucking,1994
Pulp Fiction,word,shit,1994
Pulp Fiction,word,shit,1994
Pulp Fiction,word,motherfucking,1994
Pulp Fiction,word,ass,1994
Pulp Fiction,word,motherfucker,1994
Pulp Fiction,word,n-word ,1994
Pulp Fiction,word,motherfucker,1994
Pulp Fiction,word,n-word ,1994
Pulp Fiction,word,motherfucker,1994
Pulp Fiction,word,shit,1994
Pulp Fiction,word,motherfucker,1994
Pulp Fiction,word,fucking,1994
Pulp Fiction,word,fucking,1994
Pulp Fiction,word,ass,1994
Pulp Fiction,word,shit,1994
Pulp Fiction,word,fucked,1994
Pulp Fiction,word,shit,1994
Pulp Fiction,word,fuck,1994
Pulp Fiction,word,shit,1994
Pulp Fiction,word,motherfucker,1994
Pulp Fiction,word,shit,1994
Pulp Fiction,word,ass,1994
Pulp Fiction,word,fucking,1994
Pulp Fiction,word,fucking,1994
Pulp Fiction,word,fucking,1994
Pulp Fiction,word,motherfucker,1994
Pulp Fiction,word,motherfucker,1994
Pulp Fiction,word,fuck,1994
Pulp Fiction,word,motherfucker,1994
Pulp Fiction,word,fucking,1994
Pulp Fiction,word,n-word ,1994
Pulp Fiction,word,dicks,1994
Pulp Fiction,word,shit,1994
Pulp Fiction,word,ass,1994
Pulp Fiction,word,goddamn,1994
Pulp Fiction,word,shit,1994
Pulp Fiction,word,goddamn,1994
Pulp Fiction,word,fucking,1994
Pulp Fiction,word,fuck,1994
Pulp Fiction,word,fuck,1994
Pulp Fiction,word,damn,1994
Pulp Fiction,word,goddamn,1994
Pulp Fiction,word,motherfucker,1994
Pulp Fiction,word,fucking,1994
Pulp Fiction,word,shit,1994
Pulp Fiction,word,fucking,1994
Pulp Fiction,word,fucking,1994
Pulp Fiction,word,fucking,1994
Pulp Fiction,word,fucking,1994
Pulp Fiction,word,motherfuckers,1994
Pulp Fiction,word,shit,1994
Pulp Fiction,word,motherfucking,1994
Pulp Fiction,word,shit,1994
Pulp Fiction,word,shit,1994
Pulp Fiction,word,shit,1994
Pulp Fiction,word,fucking,1994
Pulp Fiction,word,shit,1994
Pulp Fiction,word,fucking,1994
Pulp Fiction,word,fuck,1994
Pulp Fiction,word,shit,1994
Pulp Fiction,word,fucking,1994
Pulp Fiction,word,fucking,1994
Pulp Fiction,word,shit,1994
Pulp Fiction,word,fuck,1994
Pulp Fiction,word,fucking,1994
Pulp Fiction,word,motherfuckers,1994
Pulp Fiction,word,fuck,1994
Pulp Fiction,word,fucking,1994
Pulp Fiction,word,fuck,1994
Pulp Fiction,word,fuck,1994
Pulp Fiction,word,fucking,1994
Pulp Fiction,word,fucking,1994
Pulp Fiction,word,fucking,1994
Pulp Fiction,word,fuck,1994
Pulp Fiction,word,fucking,1994
Pulp Fiction,word,fucking,1994
Pulp Fiction,word,fucking,1994
Pulp Fiction,word,fuck,1994
Pulp Fiction,word,fucking,1994
Pulp Fiction,word,fuck,1994
Pulp Fiction,word,fucking,1994
Pulp Fiction,word,fucking,1994
Pulp Fiction,word,fucking,1994
Pulp Fiction,word,fucking,1994
Pulp Fiction,word,fucking,1994
Pulp Fiction,word,fuck,1994
Pulp Fiction,word,shit,1994
Pulp Fiction,word,fucking,1994
Pulp Fiction,word,fuck,1994
Pulp Fiction,word,goddamn,1994
Pulp Fiction,word,fucking,1994
Pulp Fiction,word,goddamn,1994
Pulp Fiction,word,bitch,1994
Pulp Fiction,word,bitch,1994
Pulp Fiction,word,bitch,1994
Pulp Fiction,word,fucking,1994
Pulp Fiction,word,bitch,1994
Pulp Fiction,word,fucking,1994
Pulp Fiction,word,bitch,1994
Pulp Fiction,word,motherfuckers,1994
Pulp Fiction,word,motherfuckers,1994
Pulp Fiction,word,asses,1994
Pulp Fiction,word,fucking,1994
Pulp Fiction,word,shit,1994
Pulp Fiction,word,shit,1994
Pulp Fiction,word,ass,1994
Pulp Fiction,word,goddamn,1994
Pulp Fiction,word,motherfucker,1994
Pulp Fiction,word,motherfucker,1994
Pulp Fiction,word,fucking,1994
Pulp Fiction,word,goddamn,1994
Pulp Fiction,word,motherfucking,1994
Pulp Fiction,word,fuck,1994
Pulp Fiction,word,ass,1994
Pulp Fiction,word,shit,1994
Pulp Fiction,word,ass,1994
Pulp Fiction,word,shit,1994
Pulp Fiction,word,motherfucker,1994
Pulp Fiction,word,ass,1994
Pulp Fiction,word,shit,1994
Pulp Fiction,word,ass,1994
Pulp Fiction,word,shit,1994
Jackie Brown,word,shit,1997
Jackie Brown,word,shit,1997
Jackie Brown,word,motherfucker,1997
Jackie Brown,word,shit,1997
Jackie Brown,word,shit,1997
Jackie Brown,word,motherfucker,1997
Jackie Brown,word,n-word ,1997
Jackie Brown,word,n-word ,1997
Jackie Brown,word,fucking,1997
Jackie Brown,word,damn,1997
Jackie Brown,word,n-word ,1997
Jackie Brown,word,shit,1997
Jackie Brown,word,n-word ,1997
Jackie Brown,word,motherfucker,1997
Jackie Brown,word,shit,1997
Jackie Brown,word,motherfucker,1997
Jackie Brown,word,ass,1997
Jackie Brown,word,shit,1997
Jackie Brown,word,shit,1997
Jackie Brown,word,n-word ,1997
Jackie Brown,word,n-word ,1997
Jackie Brown,word,n-word ,1997
Jackie Brown,word,motherfucking,1997
Jackie Brown,word,motherfuckers,1997
Jackie Brown,word,bitch,1997
Jackie Brown,word,fuck,1997
Jackie Brown,word,fuck,1997
Jackie Brown,word,goddamn,1997
Jackie Brown,word,n-word ,1997
Jackie Brown,word,goddamn,1997
Jackie Brown,word,motherfuckers,1997
Jackie Brown,word,shit,1997
Jackie Brown,word,motherfucking,1997
Jackie Brown,word,fuck,1997
Jackie Brown,word,n-word ,1997
Jackie Brown,word,shit,1997
Jackie Brown,word,fuck,1997
Jackie Brown,word,ass,1997
Jackie Brown,word,fuck,1997
Jackie Brown,word,n-word ,1997
Jackie Brown,word,n-word ,1997
Jackie Brown,word,ass,1997
Jackie Brown,word,motherfucking,1997
Jackie Brown,word,n-word ,1997
Jackie Brown,word,ass,1997
Jackie Brown,word,n-word ,1997
Jackie Brown,word,goddamn,1997
Jackie Brown,word,shit,1997
Jackie Brown,word,ass,1997
Jackie Brown,word,ass,1997
Jackie Brown,word,motherfucking,1997
Jackie Brown,word,n-word ,1997
Jackie Brown,word,motherfucker,1997
Jackie Brown,word,hell,1997
Jackie Brown,word,shit,1997
Jackie Brown,word,ass,1997
Jackie Brown,word,shit,1997
Jackie Brown,word,n-word ,1997
Jackie Brown,word,fucking,1997
Jackie Brown,word,n-word ,1997
Jackie Brown,word,ass,1997
Jackie Brown,word,n-word ,1997
Jackie Brown,word,fuck,1997
Jackie Brown,word,shit,1997
Jackie Brown,word,fucking,1997
Jackie Brown,word,ass,1997
Jackie Brown,word,fucking,1997
Jackie Brown,word,n-word ,1997
Jackie Brown,word,n-word ,1997
Jackie Brown,word,n-word ,1997
Jackie Brown,word,n-word ,1997
Jackie Brown,word,n-word ,1997
Jackie Brown,word,ass,1997
Jackie Brown,word,shit,1997
Jackie Brown,word,n-word ,1997
Jackie Brown,word,shit,1997
Jackie Brown,word,motherfucker,1997
Jackie Brown,word,motherfucker,1997
Jackie Brown,word,fuck,1997
Jackie Brown,word,shit,1997
Jackie Brown,word,fucking,1997
Jackie Brown,word,ass,1997
Jackie Brown,word,goddamn,1997
Jackie Brown,word,goddamn,1997
Jackie Brown,word,goddamn,1997
Jackie Brown,word,ass,1997
Jackie Brown,word,n-word ,1997
Jackie Brown,word,motherfucker,1997
Jackie Brown,word,ass,1997
Jackie Brown,word,goddamn,1997
Jackie Brown,word,ass,1997
Jackie Brown,word,ass,1997
Jackie Brown,word,n-word ,1997
Jackie Brown,word,fucking,1997
Jackie Brown,word,n-word ,1997
Jackie Brown,word,shit,1997
Jackie Brown,word,fucking,1997
Jackie Brown,word,motherfucker,1997
Jackie Brown,word,motherfucker,1997
Jackie Brown,word,goddamn,1997
Jackie Brown,word,motherfucker,1997
Jackie Brown,word,hell,1997
Jackie Brown,word,n-word ,1997
Jackie Brown,word,shit,1997
Jackie Brown,word,goddamn,1997
Jackie Brown,word,motherfucking,1997
Jackie Brown,word,ass,1997
Jackie Brown,word,n-word ,1997
Jackie Brown,word,fuck,1997
Jackie Brown,word,n-word ,1997
Jackie Brown,word,n-word ,1997
Jackie Brown,word,n-word ,1997
Jackie Brown,word,shitty,1997
Jackie Brown,word,fucking,1997
Jackie Brown,word,goddamn,1997
Jackie Brown,word,fucking,1997
Jackie Brown,word,fucks,1997
Jackie Brown,word,shit,1997
Jackie Brown,word,shittiest,1997
Jackie Brown,word,fucking,1997
Jackie Brown,word,shit,1997
Jackie Brown,word,fuck,1997
Jackie Brown,word,shit,1997
Jackie Brown,word,shitty,1997
Jackie Brown,word,goddamn,1997
Jackie Brown,word,shit,1997
Jackie Brown,word,shit,1997
Jackie Brown,word,fucking,1997
Jackie Brown,word,shit,1997
Jackie Brown,word,shit,1997
Jackie Brown,word,shit,1997
Jackie Brown,word,shit,1997
Jackie Brown,word,hell,1997
Jackie Brown,word,motherfucking,1997
Jackie Brown,word,ass,1997
Jackie Brown,word,shit,1997
Jackie Brown,word,ass,1997
Jackie Brown,word,shit,1997
Jackie Brown,word,shit,1997
Jackie Brown,word,fuck,1997
Jackie Brown,word,fucking,1997
Jackie Brown,word,shit,1997
Jackie Brown,word,shit,1997
Jackie Brown,word,bitch,1997
Jackie Brown,word,ass,1997
Jackie Brown,word,hell,1997
Jackie Brown,word,ass,1997
Jackie Brown,word,ass,1997
Jackie Brown,word,shit,1997
Jackie Brown,word,damn,1997
Jackie Brown,word,shit,1997
Jackie Brown,word,shitload,1997
Jackie Brown,word,shitload,1997
Jackie Brown,word,dick,1997
Jackie Brown,word,n-word ,1997
Jackie Brown,word,hell,1997
Jackie Brown,word,fuck,1997
Jackie Brown,word,fuck,1997
Jackie Brown,word,ass,1997
Jackie Brown,word,motherfuckers,1997
Jackie Brown,word,fuck,1997
Jackie Brown,word,damn,1997
Jackie Brown,word,ass,1997
Jackie Brown,word,fucking,1997
Jackie Brown,word,ass,1997
Jackie Brown,word,fuck,1997
Jackie Brown,word,motherfucking,1997
Jackie Brown,word,motherfucking,1997
Jackie Brown,word,motherfucking,1997
Jackie Brown,word,ass,1997
Jackie Brown,word,fuck,1997
Jackie Brown,word,ass,1997
Jackie Brown,word,shit,1997
Jackie Brown,word,shit,1997
Jackie Brown,word,ass,1997
Jackie Brown,word,goddamn,1997
Jackie Brown,word,shit,1997
Jackie Brown,word,shit,1997
Jackie Brown,word,shit,1997
Jackie Brown,word,fucking,1997
Jackie Brown,word,fuck,1997
Jackie Brown,word,damn,1997
Jackie Brown,word,n-word ,1997
Jackie Brown,word,motherfuckers,1997
Jackie Brown,word,ass,1997
Jackie Brown,word,bullshit,1997
Jackie Brown,word,motherfucker,1997
Jackie Brown,word,damn,1997
Jackie Brown,word,fuck,1997
Jackie Brown,word,goddamn,1997
Jackie Brown,word,fuck,1997
Jackie Brown,word,fuck,1997
Jackie Brown,word,ass,1997
Jackie Brown,word,shit,1997
Jackie Brown,word,fuck,1997
Jackie Brown,word,damn,1997
Jackie Brown,word,fucking,1997
Jackie Brown,word,fuck,1997
Jackie Brown,word,shit,1997
Jackie Brown,word,fuck,1997
Jackie Brown,word,shit,1997
Jackie Brown,word,pussy,1997
Jackie Brown,word,shit,1997
Jackie Brown,word,bitch,1997
Jackie Brown,word,fucking,1997
Jackie Brown,word,fuck,1997
Jackie Brown,word,n-word ,1997
Jackie Brown,word,damn,1997
Jackie Brown,word,fuck,1997
Jackie Brown,word,fucked,1997
Jackie Brown,word,shit,1997
Jackie Brown,word,bitches,1997
Jackie Brown,word,ass,1997
Jackie Brown,word,ass,1997
Jackie Brown,word,bitch,1997
Jackie Brown,word,fuck,1997
Jackie Brown,word,bitch,1997
Jackie Brown,word,ass,1997
Jackie Brown,word,shit,1997
Jackie Brown,word,fuck,1997
Jackie Brown,word,shit,1997
Jackie Brown,word,shit,1997
Jackie Brown,word,shit,1997
Jackie Brown,word,shit,1997
Jackie Brown,word,hell,1997
Jackie Brown,word,hell,1997
Jackie Brown,word,hell,1997
Jackie Brown,word,shit,1997
Jackie Brown,word,shit,1997
Jackie Brown,word,goddamn,1997
Jackie Brown,word,fuck,1997
Jackie Brown,word,ass,1997
Jackie Brown,word,fucking,1997
Jackie Brown,word,fuck,1997
Jackie Brown,word,ass,1997
Jackie Brown,word,shit,1997
Jackie Brown,word,ass,1997
Jackie Brown,word,damn,1997
Jackie Brown,word,shit,1997
Jackie Brown,word,ass,1997
Jackie Brown,word,ass,1997
Jackie Brown,word,damn,1997
Jackie Brown,word,shit,1997
Jackie Brown,word,motherfucker,1997
Jackie Brown,word,motherfucker,1997
Jackie Brown,word,shit,1997
Jackie Brown,word,fucking,1997
Jackie Brown,word,hell,1997
Jackie Brown,word,bitch,1997
Jackie Brown,word,ass,1997
Jackie Brown,word,shit,1997
Jackie Brown,word,motherfucking,1997
Jackie Brown,word,goddamn,1997
Jackie Brown,word,goddamn,1997
Jackie Brown,word,bitch,1997
Jackie Brown,word,fucking,1997
Jackie Brown,word,ass,1997
Jackie Brown,word,fuck,1997
Jackie Brown,word,motherfucking,1997
Jackie Brown,word,bitch,1997
Jackie Brown,word,fucking,1997
Jackie Brown,word,ass,1997
Jackie Brown,word,goddamn,1997
Jackie Brown,word,ass,1997
Jackie Brown,word,fuck,1997
Jackie Brown,word,ass,1997
Jackie Brown,word,fuck,1997
Jackie Brown,word,goddamn,1997
Jackie Brown,word,fuck,1997
Jackie Brown,word,fucking,1997
Jackie Brown,word,shit,1997
Jackie Brown,word,bitch,1997
Jackie Brown,word,fucking,1997
Jackie Brown,word,fucking,1997
Jackie Brown,word,fuck,1997
Jackie Brown,word,fuck,1997
Jackie Brown,word,goddamn,1997
Jackie Brown,word,fucking,1997
Jackie Brown,word,fuck,1997
Jackie Brown,word,fucking,1997
Jackie Brown,word,fuck,1997
Jackie Brown,word,fuck,1997
Jackie Brown,word,fucking,1997
Jackie Brown,word,bitch,1997
Jackie Brown,word,fucking,1997
Jackie Brown,word,fuck,1997
Jackie Brown,word,fucking,1997
Jackie Brown,word,fucking,1997
Jackie Brown,word,fucking,1997
Jackie Brown,word,bitch,1997
Jackie Brown,word,fucking,1997
Jackie Brown,word,fucking,1997
Jackie Brown,word,ass,1997
Jackie Brown,word,fuck,1997
Jackie Brown,word,fuck,1997
Jackie Brown,word,fuck,1997
Jackie Brown,word,fucking,1997
Jackie Brown,word,shit,1997
Jackie Brown,word,bitch,1997
Jackie Brown,word,shit,1997
Jackie Brown,word,motherfucker,1997
Jackie Brown,word,hell,1997
Jackie Brown,word,ass,1997
Jackie Brown,word,motherfuckers,1997
Jackie Brown,word,fucking,1997
Jackie Brown,word,fucking,1997
Jackie Brown,word,fucking,1997
Jackie Brown,word,fucking,1997
Jackie Brown,word,goddamn,1997
Jackie Brown,word,motherfucker,1997
Jackie Brown,word,ass,1997
Jackie Brown,word,shit,1997
Jackie Brown,word,fucking,1997
Jackie Brown,word,fuck,1997
Jackie Brown,word,ass,1997
Jackie Brown,word,shit,1997
Jackie Brown,word,fucking,1997
Jackie Brown,word,fucking,1997
Jackie Brown,word,fucking,1997
Jackie Brown,word,fucking,1997
Jackie Brown,word,motherfucking,1997
Jackie Brown,word,motherfucker,1997
Jackie Brown,word,fuck,1997
Jackie Brown,word,fucking,1997
Jackie Brown,word,goddamn,1997
Jackie Brown,word,motherfucking,1997
Jackie Brown,word,motherfucking,1997
Jackie Brown,word,motherfucker,1997
Jackie Brown,word,motherfucker,1997
Jackie Brown,word,shit,1997
Jackie Brown,word,n-word ,1997
Jackie Brown,word,motherfucker,1997
Jackie Brown,word,goddamn,1997
Jackie Brown,word,motherfucker,1997
Jackie Brown,word,shit,1997
Jackie Brown,word,goddamn,1997
Jackie Brown,word,shit,1997
Jackie Brown,word,n-word ,1997
Jackie Brown,word,motherfucking,1997
Jackie Brown,word,ass,1997
Jackie Brown,word,motherfucking,1997
Jackie Brown,word,fuck,1997
Jackie Brown,word,goddamn,1997
Jackie Brown,word,fucking,1997
Jackie Brown,word,ass,1997
Jackie Brown,word,motherfucker,1997
Jackie Brown,word,motherfucker,1997
Jackie Brown,word,n-word ,1997
Jackie Brown,word,shit,1997
Jackie Brown,word,ass,1997
Jackie Brown,word,dumbass,1997
Jackie Brown,word,bullshit,1997
Jackie Brown,word,fucking,1997
Jackie Brown,word,ass,1997
Jackie Brown,word,n-word ,1997
Jackie Brown,word,goddamn,1997
Jackie Brown,word,bullshit,1997
Jackie Brown,word,bitch,1997
Jackie Brown,word,goddamn,1997
Jackie Brown,word,motherfucker,1997
Jackie Brown,word,n-word ,1997
Jackie Brown,word,motherfucker,1997
Jackie Brown,word,motherfucker,1997
Jackie Brown,word,motherfucker,1997
Jackie Brown,word,ass,1997
Jackie Brown,word,fucking,1997
Jackie Brown,word,goddamn,1997
Kill Bill: Vol. 1,word,bitch,2003
Kill Bill: Vol. 1,word,ass,2003
Kill Bill: Vol. 1,word,damn,2003
Kill Bill: Vol. 1,word,bitch,2003
Kill Bill: Vol. 1,word,shit,2003
Kill Bill: Vol. 1,word,fucked,2003
Kill Bill: Vol. 1,word,fucked,2003
Kill Bill: Vol. 1,word,bitch,2003
Kill Bill: Vol. 1,word,goddamn,2003
Kill Bill: Vol. 1,word,fucking,2003
Kill Bill: Vol. 1,word,bitch,2003
Kill Bill: Vol. 1,word,fuck,2003
Kill Bill: Vol. 1,word,bitch,2003
Kill Bill: Vol. 1,word,shit,2003
Kill Bill: Vol. 1,word,motherfucking,2003
Kill Bill: Vol. 1,word,ass,2003
Kill Bill: Vol. 1,word,motherfucking,2003
Kill Bill: Vol. 1,word,bitch,2003
Kill Bill: Vol. 1,word,goddamn,2003
Kill Bill: Vol. 1,word,hell,2003
Kill Bill: Vol. 1,word,goddamn,2003
Kill Bill: Vol. 1,word,shit,2003
Kill Bill: Vol. 1,word,goddamn,2003
Kill Bill: Vol. 1,word,cocksucker,2003
Kill Bill: Vol. 1,word,fuck,2003
Kill Bill: Vol. 1,word,shit,2003
Kill Bill: Vol. 1,word,shit,2003
Kill Bill: Vol. 1,word,fucking,2003
Kill Bill: Vol. 1,word,shithead,2003
Kill Bill: Vol. 1,word,fuck,2003
Kill Bill: Vol. 1,word,cunt,2003
Kill Bill: Vol. 1,word,shit,2003
Kill Bill: Vol. 1,word,goddamn,2003
Kill Bill: Vol. 1,word,bullshit,2003
Kill Bill: Vol. 1,word,shit,2003
Kill Bill: Vol. 1,word,fuck,2003
Kill Bill: Vol. 1,word,fuck,2003
Kill Bill: Vol. 1,word,pussy,2003
Kill Bill: Vol. 1,word,fucker,2003
Kill Bill: Vol. 1,word,cunts,2003
Kill Bill: Vol. 1,word,dicks,2003
Kill Bill: Vol. 1,word,shit,2003
Kill Bill: Vol. 1,word,bastard,2003
Kill Bill: Vol. 1,word,ass,2003
Kill Bill: Vol. 1,word,goddamn,2003
Kill Bill: Vol. 1,word,hell,2003
Kill Bill: Vol. 1,word,damn,2003
Kill Bill: Vol. 1,word,bastard,2003
Kill Bill: Vol. 1,word,fuckface,2003
Kill Bill: Vol. 1,word,bitch,2003
Kill Bill: Vol. 1,word,fucking,2003
Kill Bill: Vol. 1,word,fucker,2003
Kill Bill: Vol. 1,word,bitches,2003
Kill Bill: Vol. 1,word,fucking,2003
Kill Bill: Vol. 1,word,goddamn,2003
Kill Bill: Vol. 1,word,fucking,2003
Kill Bill: Vol. 1,word,hell,2003
Kill Bill: Vol. 2,word,hell,2004
Kill Bill: Vol. 2,word,bitch,2004
Kill Bill: Vol. 2,word,ass,2004
Kill Bill: Vol. 2,word,cockblockery,2004
Kill Bill: Vol. 2,word,goddamn,2004
Kill Bill: Vol. 2,word,damn,2004
Kill Bill: Vol. 2,word,japs,2004
Kill Bill: Vol. 2,word,jew (verb),2004
Kill Bill: Vol. 2,word,fucking,2004
Kill Bill: Vol. 2,word,ass,2004
Kill Bill: Vol. 2,word,fucking,2004
Kill Bill: Vol. 2,word,asshole,2004
Kill Bill: Vol. 2,word,fucking,2004
Kill Bill: Vol. 2,word,fucking,2004
Kill Bill: Vol. 2,word,fucking,2004
Kill Bill: Vol. 2,word,fucking,2004
Kill Bill: Vol. 2,word,fucking,2004
Kill Bill: Vol. 2,word,fucking,2004
Kill Bill: Vol. 2,word,shit,2004
Kill Bill: Vol. 2,word,shitty,2004
Kill Bill: Vol. 2,word,ass,2004
Kill Bill: Vol. 2,word,shit,2004
Kill Bill: Vol. 2,word,bitch,2004
Kill Bill: Vol. 2,word,ass,2004
Kill Bill: Vol. 2,word,damn,2004
Kill Bill: Vol. 2,word,bitch,2004
Kill Bill: Vol. 2,word,pussy,2004
Kill Bill: Vol. 2,word,pussy,2004
Kill Bill: Vol. 2,word,ass,2004
Kill Bill: Vol. 2,word,goddamn,2004
Kill Bill: Vol. 2,word,fucking,2004
Kill Bill: Vol. 2,word,bastards,2004
Kill Bill: Vol. 2,word,fucker,2004
Kill Bill: Vol. 2,word,ass,2004
Kill Bill: Vol. 2,word,goddamn,2004
Kill Bill: Vol. 2,word,japs,2004
Kill Bill: Vol. 2,word,goddamn,2004
Kill Bill: Vol. 2,word,fucked,2004
Kill Bill: Vol. 2,word,horeshit,2004
Kill Bill: Vol. 2,word,shit,2004
Kill Bill: Vol. 2,word,bitch,2004
Kill Bill: Vol. 2,word,fucking,2004
Kill Bill: Vol. 2,word,bitch,2004
Kill Bill: Vol. 2,word,fucking,2004
Kill Bill: Vol. 2,word,fuck,2004
Kill Bill: Vol. 2,word,fucking,2004
Kill Bill: Vol. 2,word,fucking,2004
Kill Bill: Vol. 2,word,shit,2004
Kill Bill: Vol. 2,word,pussy,2004
Kill Bill: Vol. 2,word,pussy,2004
Kill Bill: Vol. 2,word,fucking,2004
Kill Bill: Vol. 2,word,goddamn,2004
Kill Bill: Vol. 2,word,fuck,2004
Kill Bill: Vol. 2,word,shit,2004
Kill Bill: Vol. 2,word,ass,2004
Kill Bill: Vol. 2,word,fuck,2004
Kill Bill: Vol. 2,word,fucking,2004
Kill Bill: Vol. 2,word,bitch,2004
Kill Bill: Vol. 2,word,fucking,2004
Kill Bill: Vol. 2,word,bullshit,2004
Kill Bill: Vol. 2,word,shitless,2004
Kill Bill: Vol. 2,word,fucking,2004
Kill Bill: Vol. 2,word,shit,2004
Kill Bill: Vol. 2,word,fucking,2004
Kill Bill: Vol. 2,word,assholes,2004
Kill Bill: Vol. 2,word,fucking,2004
Kill Bill: Vol. 2,word,bastard,2004
Kill Bill: Vol. 2,word,bastard,2004
Kill Bill: Vol. 2,word,cunt,2004
Death Proof,word,motherfucker,2007
Death Proof,word,motherfucker,2007
Death Proof,word,motherfucker,2007
Death Proof,word,motherfucker,2007
Death Proof,word,motherfucker,2007
Death Proof,word,motherfucker,2007
Death Proof,word,motherfucker,2007
Death Proof,word,motherfucker,2007
Death Proof,word,motherfucker,2007
Death Proof,word,motherfucker,2007
Death Proof,word,motherfucker,2007
Death Proof,word,motherfucker,2007
Death Proof,word,motherfucker,2007
Death Proof,word,motherfucker,2007
Death Proof,word,motherfucker,2007
Death Proof,word,motherfucker,2007
Death Proof,word,motherfucker,2007
Death Proof,word,motherfucker,2007
Death Proof,word,motherfucker,2007
Death Proof,word,motherfucker,2007
Death Proof,word,motherfucker,2007
Death Proof,word,motherfucker,2007
Death Proof,word,motherfucker,2007
Death Proof,word,fucking,2007
Death Proof,word,fucking,2007
Death Proof,word,fucking,2007
Death Proof,word,fucking,2007
Death Proof,word,fucking,2007
Death Proof,word,fucking,2007
Death Proof,word,fucking,2007
Death Proof,word,fucking,2007
Death Proof,word,fucking,2007
Death Proof,word,fucking,2007
Death Proof,word,fucking,2007
Death Proof,word,fucking,2007
Death Proof,word,fucking,2007
Death Proof,word,fucking,2007
Death Proof,word,fucking,2007
Death Proof,word,fucking,2007
Death Proof,word,fucking,2007
Death Proof,word,fucking,2007
Death Proof,word,fucking,2007
Death Proof,word,fucking,2007
Death Proof,word,fucking,2007
Death Proof,word,fucking,2007
Death Proof,word,fucking,2007
Death Proof,word,fucking,2007
Death Proof,word,fucking,2007
Death Proof,word,fucking,2007
Death Proof,word,fucking,2007
Death Proof,word,fucking,2007
Death Proof,word,fucking,2007
Death Proof,word,fucking,2007
Death Proof,word,fucking,2007
Death Proof,word,fucking,2007
Death Proof,word,fucking,2007
Death Proof,word,fucking,2007
Death Proof,word,fucking,2007
Death Proof,word,fucking,2007
Death Proof,word,fucking,2007
Death Proof,word,fucking,2007
Death Proof,word,fucking,2007
Death Proof,word,fucking,2007
Death Proof,word,fucking,2007
Death Proof,word,fucking,2007
Death Proof,word,fucking,2007
Death Proof,word,fucking,2007
Death Proof,word,fucking,2007
Death Proof,word,fucking,2007
Death Proof,word,fucking,2007
Death Proof,word,fucking,2007
Death Proof,word,fuck,2007
Death Proof,word,fuck,2007
Death Proof,word,fuck,2007
Death Proof,word,fucked,2007
Death Proof,word,fuck,2007
Death Proof,word,fuck,2007
Death Proof,word,fuck,2007
Death Proof,word,fuck,2007
Death Proof,word,fuck,2007
Death Proof,word,fuck,2007
Death Proof,word,fuck,2007
Death Proof,word,fuck,2007
Death Proof,word,fucked,2007
Death Proof,word,fuck,2007
Death Proof,word,fuck,2007
Death Proof,word,fuck,2007
Death Proof,word,fucked,2007
Death Proof,word,"fuck	",2007
Death Proof,word,"fuck	",2007
Death Proof,word,"fuck	",2007
Death Proof,word,"fuck	",2007
Death Proof,word,"fuck	",2007
Death Proof,word,"fuck	",2007
Death Proof,word,"fuck	",2007
Death Proof,word,"fuck	",2007
Death Proof,word,"fuck	",2007
Death Proof,word,"fuck	",2007
Death Proof,word,fucker ,2007
Death Proof,word,"fuck	",2007
Death Proof,word,"fuck	",2007
Death Proof,word,"fuck	",2007
Death Proof,word,"fuck	",2007
Death Proof,word,fucked,2007
Death Proof,word,"fuck	",2007
Death Proof,word,"fuck	",2007
Death Proof,word,"fuck	",2007
Death Proof,word,"fuck	",2007
Death Proof,word,"fuck	",2007
Death Proof,word,"fuck	",2007
Death Proof,word,"fuck	",2007
Death Proof,word,"fuck	",2007
Death Proof,word,"fuck	",2007
Death Proof,word,"fuck	",2007
Death Proof,word,"fuck	",2007
Death Proof,word,"fuck	",2007
Death Proof,word,"fuck	",2007
Death Proof,word,"fuck	",2007
Death Proof,word,"fuck	",2007
Death Proof,word,"fuck	",2007
Death Proof,word,fucker,2007
Death Proof,word,"fuck	",2007
Death Proof,word,fucking ,2007
Death Proof,word,"fuck	",2007
Death Proof,word,shit,2007
Death Proof,word,shit,2007
Death Proof,word,shit,2007
Death Proof,word,shit,2007
Death Proof,word,shit,2007
Death Proof,word,bullshit,2007
Death Proof,word,bullshit,2007
Death Proof,word,shit,2007
Death Proof,word,shit,2007
Death Proof,word,shit,2007
Death Proof,word,shit,2007
Death Proof,word,shit,2007
Death Proof,word,shit,2007
Death Proof,word,shit,2007
Death Proof,word,shit,2007
Death Proof,word,shit,2007
Death Proof,word,shit,2007
Death Proof,word,shit,2007
Death Proof,word,shit,2007
Death Proof,word,shit,2007
Death Proof,word,shit,2007
Death Proof,word,shit,2007
Death Proof,word,shit,2007
Death Proof,word,shit,2007
Death Proof,word,shit,2007
Death Proof,word,shit,2007
Death Proof,word,shit,2007
Death Proof,word,shit,2007
Death Proof,word,shit,2007
Death Proof,word,shit,2007
Death Proof,word,shit,2007
Death Proof,word,shit,2007
Death Proof,word,shit,2007
Death Proof,word,shit,2007
Death Proof,word,shit,2007
Death Proof,word,shit,2007
Death Proof,word,shit,2007
Death Proof,word,shit,2007
Death Proof,word,shit,2007
Death Proof,word,shit,2007
Death Proof,word,shit,2007
Death Proof,word,bitch,2007
Death Proof,word,bitch,2007
Death Proof,word,bitch,2007
Death Proof,word,bitch,2007
Death Proof,word,bitch,2007
Death Proof,word,bitch,2007
Death Proof,word,bitch,2007
Death Proof,word,bitch,2007
Death Proof,word,bitch,2007
Death Proof,word,bitch,2007
Death Proof,word,bitch,2007
Death Proof,word,bitch,2007
Death Proof,word,bitch,2007
Death Proof,word,bitch,2007
Death Proof,word,bitch,2007
Death Proof,word,bitch,2007
Death Proof,word,bitch,2007
Death Proof,word,bitch,2007
Death Proof,word,bitch,2007
Death Proof,word,bitch,2007
Death Proof,word,bitch,2007
Death Proof,word,bitch,2007
Death Proof,word,bitch,2007
Death Proof,word,bitch,2007
Death Proof,word,bitch,2007
Death Proof,word,bitch,2007
Death Proof,word,bitch,2007
Death Proof,word,bitch,2007
Death Proof,word,bitch,2007
Death Proof,word,bitch,2007
Death Proof,word,bitch,2007
Death Proof,word,damn,2007
Death Proof,word,damn,2007
Death Proof,word,goddamn ,2007
Death Proof,word,damn,2007
Death Proof,word,damn,2007
Death Proof,word,damn,2007
Death Proof,word,damn,2007
Death Proof,word,goddamn,2007
Death Proof,word,goddamn,2007
Death Proof,word,goddamn,2007
Death Proof,word,goddamn,2007
Death Proof,word,"goddamn	",2007
Death Proof,word,damn,2007
Death Proof,word,goddamn,2007
Death Proof,word,goddamn,2007
Death Proof,word,goddamn,2007
Death Proof,word,goddamn,2007
Death Proof,word,damn,2007
Death Proof,word,goddamn,2007
Death Proof,word,damn,2007
Death Proof,word,goddamn,2007
Death Proof,word,ass,2007
Death Proof,word,ass,2007
Death Proof,word,ass,2007
Death Proof,word,ass,2007
Death Proof,word,ass,2007
Death Proof,word,ass,2007
Death Proof,word,asshole,2007
Death Proof,word,ass,2007
Death Proof,word,ass,2007
Death Proof,word,ass,2007
Death Proof,word,ass,2007
Death Proof,word,ass,2007
Death Proof,word,ass,2007
Death Proof,word,ass,2007
Death Proof,word,ass,2007
Death Proof,word,ass,2007
Death Proof,word,ass,2007
Death Proof,word,ass,2007
Death Proof,word,ass,2007
Death Proof,word,ass,2007
Death Proof,word,ass,2007
Death Proof,word,ass,2007
Death Proof,word,ass,2007
Death Proof,word,ass,2007
Death Proof,word,ass,2007
Death Proof,word,ass,2007
Death Proof,word,ass,2007
Death Proof,word,ass,2007
Death Proof,word,ass,2007
Death Proof,word,ass,2007
Death Proof,word,ass,2007
Death Proof,word,ass,2007
Death Proof,word,ass,2007
Death Proof,word,ass,2007
Death Proof,word,ass,2007
Death Proof,word,ass,2007
Death Proof,word,ass,2007
Death Proof,word,ass,2007
Death Proof,word,asshole,2007
Death Proof,word,ass,2007
Death Proof,word,ass,2007
Death Proof,word,ass,2007
Death Proof,word,hell,2007
Death Proof,word,hell,2007
Death Proof,word,hell,2007
Death Proof,word,hell,2007
Death Proof,word,hell,2007
Death Proof,word,hell,2007
Death Proof,word,hell,2007
Death Proof,word,hell,2007
Death Proof,word,hell,2007
Death Proof,word,hell,2007
Death Proof,word,hell,2007
Death Proof,word,hell,2007
Death Proof,word,hell,2007
Death Proof,word,dick,2007
Death Proof,word,dick,2007
Death Proof,word,dick,2007
Death Proof,word,bastard,2007
Death Proof,word,bastard,2007
Death Proof,word,bastard,2007
Death Proof,word,bastard,2007
Death Proof,word,bastard,2007
Death Proof,word,bastard,2007
Inglorious Basterds,word,hell,2009
Inglorious Basterds,word,goddamn,2009
Inglorious Basterds,word,fucking,2009
Inglorious Basterds,word,bitch,2009
Inglorious Basterds,word,fucking,2009
Inglorious Basterds,word,goddamn,2009
Inglorious Basterds,word,goddamn,2009
Inglorious Basterds,word,ass,2009
Inglorious Basterds,word,fuck,2009
Inglorious Basterds,word,shitting,2009
Inglorious Basterds,word,fucking,2009
Inglorious Basterds,word,fucking,2009
Inglorious Basterds,word,fucking,2009
Inglorious Basterds,word,damn,2009
Inglorious Basterds,word,fuck,2009
Inglorious Basterds,word,ass,2009
Inglorious Basterds,word,negro ,2009
Inglorious Basterds,word,shit,2009
Inglorious Basterds,word,hell,2009
Inglorious Basterds,word,negro ,2009
Inglorious Basterds,word,negro ,2009
Inglorious Basterds,word,negro ,2009
Inglorious Basterds,word,fuck,2009
Inglorious Basterds,word,goddamn,2009
Inglorious Basterds,word,fucking,2009
Inglorious Basterds,word,squaw,2009
Inglorious Basterds,word,ass,2009
Inglorious Basterds,word,negro ,2009
Inglorious Basterds,word,slut,2009
Inglorious Basterds,word,hell,2009
Inglorious Basterds,word,damn,2009
Inglorious Basterds,word,fucking,2009
Inglorious Basterds,word,goddamn,2009
Inglorious Basterds,word,fuck,2009
Inglorious Basterds,word,hell,2009
Inglorious Basterds,word,damn,2009
Inglorious Basterds,word,fuck,2009
Inglorious Basterds,word,ass,2009
Inglorious Basterds,word,shit,2009
Inglorious Basterds,word,fucking,2009
Inglorious Basterds,word,fucker,2009
Inglorious Basterds,word,fuck,2009
Inglorious Basterds,word,ass,2009
Inglorious Basterds,word,fucking,2009
Inglorious Basterds,word,shithead,2009
Inglorious Basterds,word,fuck,2009
Inglorious Basterds,word,fuck,2009
Inglorious Basterds,word,shithead,2009
Inglorious Basterds,word,fuck,2009
Inglorious Basterds,word,fuck,2009
Inglorious Basterds,word,goddamn,2009
Inglorious Basterds,word,bitches,2009
Inglorious Basterds,word,goddamn,2009
Inglorious Basterds,word,damn,2009
Inglorious Basterds,word,shit,2009
Inglorious Basterds,word,ass,2009
Inglorious Basterds,word,fuck,2009
Inglorious Basterds,word,goddamn,2009
Inglorious Basterds,word,goddamn,2009
Django,word,goddamn,2012
Django,word,bitch,2012
Django,word,damn,2012
Django,word,fucking,2012
Django,word,damn,2012
Django,word,n-word ,2012
Django,word,goddamn,2012
Django,word,hell,2012
Django,word,n-word ,2012
Django,word,n-word ,2012
Django,word,hell,2012
Django,word,n-word ,2012
Django,word,ass,2012
Django,word,goddamn,2012
Django,word,n-word ,2012
Django,word,hell,2012
Django,word,n-word ,2012
Django,word,n-word ,2012
Django,word,n-word ,2012
Django,word,n-word ,2012
Django,word,n-word ,2012
Django,word,n-word ,2012
Django,word,n-word ,2012
Django,word,n-word ,2012
Django,word,n-word ,2012
Django,word,damn,2012
Django,word,goddamn,2012
Django,word,bitch,2012
Django,word,bitches,2012
Django,word,n-word ,2012
Django,word,n-word ,2012
Django,word,fucking,2012
Django,word,shit,2012
Django,word,fucking,2012
Django,word,shit,2012
Django,word,goddamn,2012
Django,word,shit,2012
Django,word,goddamn,2012
Django,word,shit,2012
Django,word,fucking,2012
Django,word,fucking,2012
Django,word,fucking,2012
Django,word,fuck,2012
Django,word,bitches,2012
Django,word,n-word ,2012
Django,word,goddamn,2012
Django,word,fucking,2012
Django,word,shit,2012
Django,word,n-word ,2012
Django,word,n-word ,2012
Django,word,n-word ,2012
Django,word,shit,2012
Django,word,hell,2012
Django,word,hell,2012
Django,word,damn,2012
Django,word,n-word ,2012
Django,word,goddamned,2012
Django,word,n-word ,2012
Django,word,fuck,2012
Django,word,fucking,2012
Django,word,n-word ,2012
Django,word,n-word ,2012
Django,word,n-word ,2012
Django,word,n-word ,2012
Django,word,n-word ,2012
Django,word,n-word ,2012
Django,word,n-word ,2012
Django,word,n-word ,2012
Django,word,n-word ,2012
Django,word,n-word ,2012
Django,word,n-word ,2012
Django,word,n-word ,2012
Django,word,n-word ,2012
Django,word,n-word ,2012
Django,word,n-word ,2012
Django,word,goddamn,2012
Django,word,n-word ,2012
Django,word,hell,2012
Django,word,goddamn,2012
Django,word,n-word ,2012
Django,word,n-word ,2012
Django,word,ass,2012
Django,word,goddamn,2012
Django,word,hell,2012
Django,word,n-word ,2012
Django,word,ass,2012
Django,word,goddamn,2012
Django,word,goddamn,2012
Django,word,n-word ,2012
Django,word,n-word ,2012
Django,word,goddamn,2012
Django,word,n-word ,2012
Django,word,n-word ,2012
Django,word,n-word ,2012
Django,word,n-word ,2012
Django,word,n-word ,2012
Django,word,ass,2012
Django,word,n-word ,2012
Django,word,n-word ,2012
Django,word,ass,2012
Django,word,n-word ,2012
Django,word,n-word ,2012
Django,word,n-word ,2012
Django,word,bastard,2012
Django,word,n-word ,2012
Django,word,ass,2012
Django,word,motherfucker,2012
Django,word,goddamn,2012
Django,word,n-word ,2012
Django,word,goddamn,2012
Django,word,n-word ,2012
Django,word,shit,2012
Django,word,ass,2012
Django,word,n-word ,2012
Django,word,n-word ,2012
Django,word,n-word ,2012
Django,word,n-word ,2012
Django,word,ass,2012
Django,word,damn,2012
Django,word,damn,2012
Django,word,shit,2012
Django,word,damn,2012
Django,word,bitch,2012
Django,word,n-word ,2012
Django,word,n-word ,2012
Django,word,ass,2012
Django,word,ass,2012
Django,word,n-word ,2012
Django,word,ass,2012
Django,word,n-word ,2012
Django,word,n-word ,2012
Django,word,n-word ,2012
Django,word,n-word ,2012
Django,word,n-word ,2012
Django,word,n-word ,2012
Django,word,n-word ,2012
Django,word,n-word ,2012
Django,word,n-word ,2012
Django,word,n-word ,2012
Django,word,hell,2012
Django,word,n-word ,2012
Django,word,n-word ,2012
Django,word,ass,2012
Django,word,n-word ,2012
Django,word,bitch,2012
Django,word,n-word ,2012
Django,word,n-word ,2012
Django,word,ass,2012
Django,word,n-word ,2012
Django,word,n-word ,2012
Django,word,n-word ,2012
Django,word,n-word ,2012
Django,word,n-word ,2012
Django,word,goddamn,2012
Django,word,goddamn,2012
Django,word,damn,2012
Django,word,n-word ,2012
Django,word,shit,2012
Django,word,fucked,2012
Django,word,motherfuckers,2012
Django,word,hell,2012
Django,word,ass,2012
Django,word,n-word ,2012
Django,word,n-word ,2012
Django,word,n-word ,2012
Django,word,fuck,2012
Django,word,bitch,2012
Django,word,goddamn,2012
Django,word,bitches,2012
Django,word,bitches,2012
Django,word,damn,2012
Django,word,goddamn,2012
Django,word,jackass,2012
Django,word,ass,2012
Django,word,goddamn,2012
Django,word,n-word ,2012
Django,word,n-word ,2012
Django,word,n-word ,2012
Django,word,goddamn,2012
Django,word,ass,2012
Django,word,n-word ,2012
Django,word,shit,2012
Django,word,n-word ,2012
Django,word,ass,2012
Django,word,fucking,2012
Django,word,n-word ,2012
Django,word,shit,2012
Django,word,bitch,2012
Django,word,fucking,2012
Django,word,damn,2012
Django,word,bitch,2012
Django,word,fucking,2012
Django,word,damn,2012
Django,word,fuck,2012
Django,word,fuck,2012
Django,word,n-word ,2012
Django,word,n-word ,2012
Django,word,motherfucker,2012
Django,word,shit,2012
Django,word,shit,2012
Django,word,goddamn,2012
Django,word,goddamn,2012
Django,word,horseshit,2012
Django,word,ass,2012
Django,word,goddamn,2012
Django,word,bitch,2012
Django,word,n-word ,2012
Django,word,n-word ,2012
Django,word,ass,2012
Django,word,motherfuckers,2012
Django,word,ass,2012
Django,word,fucking,2012
Django,word,n-word ,2012
Django,word,shit,2012
Django,word,n-word ,2012
Django,word,shit,2012
Django,word,hell,2012
Django,word,n-word ,2012
Django,word,ass,2012
Django,word,ass,2012
Django,word,n-word ,2012
Django,word,fuck,2012
Django,word,fuck,2012
Django,word,ass,2012
Django,word,bitches,2012
Django,word,goddamn,2012
Django,word,fucking,2012
Django,word,shit,2012
Django,word,ass,2012
Django,word,fucking,2012
Django,word,damn,2012
Django,word,n-word ,2012
Django,word,fuck,2012
Django,word,goddamn,2012
Django,word,n-word ,2012
Django,word,fucking,2012
Django,word,goddamn,2012
Django,word,motherfucker,2012
Django,word,bitch,2012
Django,word,n-word ,2012
Django,word,n-word ,2012
Django,word,shit,2012
Django,word,n-word ,2012
Django,word,motherfucker,2012
Django,word,damn,2012
Django,word,n-word ,2012
Django,word,horseshit,2012
Django,word,n-word ,2012
Django,word,bitch,2012
Django,word,motherfucker,2012
Django,word,n-word ,2012
Django,word,ass,2012
Django,word,n-word ,2012
Django,word,n-word ,2012
Django,word,ass,2012
Django,word,ass,2012
Django,word,n-word ,2012
Django,word,fucked,2012
Django,word,n-word ,2012
Django,word,n-word ,2012
Django,word,ass,2012
Django,word,ass,2012
Hateful Eight,word,"fucked	",2015
Hateful Eight,word,fuckers,2015
Hateful Eight,word,fuck,2015
Hateful Eight,word,fuck,2015
Hateful Eight,word,fuck,2015
Hateful Eight,word,fuck,2015
Hateful Eight,word,fuck,2015
Hateful Eight,word,fuck,2015
Hateful Eight,word,fuck,2015
Hateful Eight,word,fuck,2015
Hateful Eight,word,fuck,2015
Hateful Eight,word,fuck,2015
Hateful Eight,word,horseshit,2015
Hateful Eight,word,horseshit,2015
Hateful Eight,word,shithouse,2015
Hateful Eight,word,horseshit,2015
Hateful Eight,word,horseshit,2015
Hateful Eight,word,shithole,2015
Hateful Eight,word,shit,2015
Hateful Eight,word,horseshit,2015
Hateful Eight,word,horseshit,2015
Hateful Eight,word,shit,2015
Hateful Eight,word,shit,2015
Hateful Eight,word,shit,2015
Hateful Eight,word,shit,2015
Hateful Eight,word,shit,2015
Hateful Eight,word,shit,2015
Hateful Eight,word,shit,2015
Hateful Eight,word,shit,2015
Hateful Eight,word,horseshit,2015
Hateful Eight,word,shit,2015
Hateful Eight,word,shit,2015
Hateful Eight,word,bitch,2015
Hateful Eight,word,bitch,2015
Hateful Eight,word,bitch,2015
Hateful Eight,word,bitch,2015
Hateful Eight,word,bitch,2015
Hateful Eight,word,bitch,2015
Hateful Eight,word,bitch,2015
Hateful Eight,word,bitch,2015
Hateful Eight,word,bitch,2015
Hateful Eight,word,bitch,2015
Hateful Eight,word,bitch,2015
Hateful Eight,word,bitch,2015
Hateful Eight,word,bitch,2015
Hateful Eight,word,bitch,2015
Hateful Eight,word,bitch,2015
Hateful Eight,word,bitch,2015
Hateful Eight,word,bitch,2015
Hateful Eight,word,bitch,2015
Hateful Eight,word,bitch,2015
Hateful Eight,word,bitch,2015
Hateful Eight,word,bitch,2015
Hateful Eight,word,bitch,2015
Hateful Eight,word,bitch,2015
Hateful Eight,word,damn,2015
Hateful Eight,word,goddamn,2015
Hateful Eight,word,damn ,2015
Hateful Eight,word,damn ,2015
Hateful Eight,word,damn ,2015
Hateful Eight,word,damn ,2015
Hateful Eight,word,goddamn,2015
Hateful Eight,word,goddamn,2015
Hateful Eight,word,goddamn,2015
Hateful Eight,word,goddamn,2015
Hateful Eight,word,goddamn,2015
Hateful Eight,word,goddamn,2015
Hateful Eight,word,goddamn,2015
Hateful Eight,word,goddamn,2015
Hateful Eight,word,goddamn,2015
Hateful Eight,word,goddamn,2015
Hateful Eight,word,goddamn,2015
Hateful Eight,word,damn ,2015
Hateful Eight,word,goddamn,2015
Hateful Eight,word,damn,2015
Hateful Eight,word,goddamn,2015
Hateful Eight,word,goddamn,2015
Hateful Eight,word,goddamn,2015
Hateful Eight,word,goddamn,2015
Hateful Eight,word,goddamn,2015
Hateful Eight,word,goddamn,2015
Hateful Eight,word,goddamn,2015
Hateful Eight,word,damn ,2015
Hateful Eight,word,damn ,2015
Hateful Eight,word,damn ,2015
Hateful Eight,word,damn ,2015
Hateful Eight,word,goddamn,2015
Hateful Eight,word,goddamn,2015
Hateful Eight,word,goddamn,2015
Hateful Eight,word,damn ,2015
Hateful Eight,word,goddamn,2015
Hateful Eight,word,damn ,2015
Hateful Eight,word,goddamn,2015
Hateful Eight,word,goddamn,2015
Hateful Eight,word,goddamn,2015
Hateful Eight,word,damn ,2015
Hateful Eight,word,damn ,2015
Hateful Eight,word,damn ,2015
Hateful Eight,word,damn ,2015
Hateful Eight,word,goddamn,2015
Hateful Eight,word,damn ,2015
Hateful Eight,word,damn ,2015
Hateful Eight,word,goddamn,2015
Hateful Eight,word,goddamn,2015
Hateful Eight,word,goddamn,2015
Hateful Eight,word,goddamn,2015
Hateful Eight,word,goddamn,2015
Hateful Eight,word,damn ,2015
Hateful Eight,word,damn ,2015
Hateful Eight,word,goddamn,2015
Hateful Eight,word,goddamn,2015
Hateful Eight,word,ass,2015
Hateful Eight,word,ass,2015
Hateful Eight,word,ass,2015
Hateful Eight,word,ass,2015
Hateful Eight,word,ass,2015
Hateful Eight,word,ass,2015
Hateful Eight,word,ass,2015
Hateful Eight,word,ass,2015
Hateful Eight,word,ass,2015
Hateful Eight,word,"jackass	",2015
Hateful Eight,word,ass,2015
Hateful Eight,word,ass,2015
Hateful Eight,word,ass,2015
Hateful Eight,word,ass,2015
Hateful Eight,word,ass,2015
Hateful Eight,word,ass,2015
Hateful Eight,word,ass,2015
Hateful Eight,word,ass,2015
Hateful Eight,word,ass,2015
Hateful Eight,word,ass,2015
Hateful Eight,word,ass,2015
Hateful Eight,word,ass,2015
Hateful Eight,word,ass,2015
Hateful Eight,word,motherfucker,2015
Hateful Eight,word,motherfucking ,2015
Hateful Eight,word,motherfuckers,2015
Hateful Eight,word,motherfuckers,2015
Hateful Eight,word,motherfucking,2015
Hateful Eight,word,fucking,2015
Hateful Eight,word,fucking,2015
Hateful Eight,word,fucking,2015
Hateful Eight,word,fucking,2015
Hateful Eight,word,fucking,2015
Hateful Eight,word,fucking,2015
Hateful Eight,word,fucking,2015
Hateful Eight,word,fucking,2015
Hateful Eight,word,n-word ,2015
Hateful Eight,word,n-word ,2015
Hateful Eight,word,n-word ,2015
Hateful Eight,word,n-word ,2015
Hateful Eight,word,n-word ,2015
Hateful Eight,word,n-word ,2015
Hateful Eight,word,n-word ,2015
Hateful Eight,word,n-word ,2015
Hateful Eight,word,n-word ,2015
Hateful Eight,word,n-word ,2015
Hateful Eight,word,n-word ,2015
Hateful Eight,word,n-word ,2015
Hateful Eight,word,n-word ,2015
Hateful Eight,word,n-word ,2015
Hateful Eight,word,n-word ,2015
Hateful Eight,word,n-word ,2015
Hateful Eight,word,n-word ,2015
Hateful Eight,word,n-word ,2015
Hateful Eight,word,n-word ,2015
Hateful Eight,word,n-word ,2015
Hateful Eight,word,n-word ,2015
Hateful Eight,word,n-word ,2015
Hateful Eight,word,n-word ,2015
Hateful Eight,word,n-word ,2015
Hateful Eight,word,n-word ,2015
Hateful Eight,word,n-word ,2015
Hateful Eight,word,n-word ,2015
Hateful Eight,word,n-word ,2015
Hateful Eight,word,n-word ,2015
Hateful Eight,word,n-word ,2015
Hateful Eight,word,n-word ,2015
Hateful Eight,word,n-word ,2015
Hateful Eight,word,n-word ,2015
Hateful Eight,word,n-word ,2015
Hateful Eight,word,n-word ,2015
Hateful Eight,word,n-word ,2015
Hateful Eight,word,n-word ,2015
Hateful Eight,word,n-word ,2015
Hateful Eight,word,n-word ,2015
Hateful Eight,word,n-word ,2015
Hateful Eight,word,n-word ,2015
Hateful Eight,word,n-word ,2015
Hateful Eight,word,n-word ,2015
Hateful Eight,word,n-word ,2015
Hateful Eight,word,n-word ,2015
Hateful Eight,word,n-word ,2015
Hateful Eight,word,n-word ,2015
Hateful Eight,word,n-word ,2015
Hateful Eight,word,n-word ,2015
Hateful Eight,word,n-word ,2015
Hateful Eight,word,n-word ,2015
Hateful Eight,word,n-word ,2015
Hateful Eight,word,n-word ,2015
Hateful Eight,word,n-word ,2015
Hateful Eight,word,n-word ,2015
Hateful Eight,word,n-word ,2015
Hateful Eight,word,n-word ,2015
Hateful Eight,word,n-word ,2015
Hateful Eight,word,n-word ,2015
Once Upon,word,motherfuckers,2019
Once Upon,word,motherfucker,2019
Once Upon,word,motherfucker,2019
Once Upon,word,motherfucker,2019
Once Upon,word,"fucking	",2019
Once Upon,word,"fucking	",2019
Once Upon,word,"fucking	",2019
Once Upon,word,"fucking	",2019
Once Upon,word,"fucking	",2019
Once Upon,word,"fucking	",2019
Once Upon,word,"fucking	",2019
Once Upon,word,"fucking	",2019
Once Upon,word,"fucking	",2019
Once Upon,word,"fucking	",2019
Once Upon,word,"fucking	",2019
Once Upon,word,"fucking	",2019
Once Upon,word,"fucking	",2019
Once Upon,word,"fucking	",2019
Once Upon,word,"fucking	",2019
Once Upon,word,"fucking	",2019
Once Upon,word,"fucking	",2019
Once Upon,word,"fucking	",2019
Once Upon,word,"fucking	",2019
Once Upon,word,"fucking	",2019
Once Upon,word,"fucking	",2019
Once Upon,word,"fucking	",2019
Once Upon,word,"fucking	",2019
Once Upon,word,"fucking	",2019
Once Upon,word,"fucking	",2019
Once Upon,word,"fucking	",2019
Once Upon,word,"fucking	",2019
Once Upon,word,"fucking	",2019
Once Upon,word,"fucking	",2019
Once Upon,word,"fucking	",2019
Once Upon,word,"fucking	",2019
Once Upon,word,"fucking	",2019
Once Upon,word,"fucking	",2019
Once Upon,word,"fucking	",2019
Once Upon,word,"fucking	",2019
Once Upon,word,"fucking	",2019
Once Upon,word,"fucking	",2019
Once Upon,word,"fucking	",2019
Once Upon,word,"fucking	",2019
Once Upon,word,"fucking	",2019
Once Upon,word,"fucking	",2019
Once Upon,word,"fucking	",2019
Once Upon,word,"fucking	",2019
Once Upon,word,"fucking	",2019
Once Upon,word,"fucking	",2019
Once Upon,word,"fucking	",2019
Once Upon,word,"fucking	",2019
Once Upon,word,"fucking	",2019
Once Upon,word,"fucking	",2019
Once Upon,word,"fucking	",2019
Once Upon,word,"fucking	",2019
Once Upon,word,"fucking	",2019
Once Upon,word,"fucking	",2019
Once Upon,word,"fucking	",2019
Once Upon,word,"fucking	",2019
Once Upon,word,"fucking	",2019
Once Upon,word,"fucking	",2019
Once Upon,word,"fucking	",2019
Once Upon,word,"fucking	",2019
Once Upon,word,"fucking	",2019
Once Upon,word,"fucking	",2019
Once Upon,word,"fucking	",2019
Once Upon,word,fuck,2019
Once Upon,word,fuck,2019
Once Upon,word,fuck,2019
Once Upon,word,fuck,2019
Once Upon,word,fuck,2019
Once Upon,word,fucker,2019
Once Upon,word,fuck,2019
Once Upon,word,fuck,2019
Once Upon,word,fuck,2019
Once Upon,word,fuck,2019
Once Upon,word,fuck,2019
Once Upon,word,fuck,2019
Once Upon,word,fuck,2019
Once Upon,word,fuck,2019
Once Upon,word,fucked,2019
Once Upon,word,fucked,2019
Once Upon,word,fuck,2019
Once Upon,word,fuck,2019
Once Upon,word,fuck,2019
Once Upon,word,fuck,2019
Once Upon,word,fuck,2019
Once Upon,word,fuck,2019
Once Upon,word,fuck,2019
Once Upon,word,fucked ,2019
Once Upon,word,fuck,2019
Once Upon,word,fuck,2019
Once Upon,word,fuck,2019
Once Upon,word,fuck,2019
Once Upon,word,fucker,2019
Once Upon,word,fuck,2019
Once Upon,word,fuck,2019
Once Upon,word,fuck,2019
Once Upon,word,fuck,2019
Once Upon,word,fuck,2019
Once Upon,word,fuck,2019
Once Upon,word,fuck,2019
Once Upon,word,fuck,2019
Once Upon,word,fuck,2019
Once Upon,word,shit,2019
Once Upon,word,shit,2019
Once Upon,word,shit,2019
Once Upon,word,shit,2019
Once Upon,word,shit,2019
Once Upon,word,bullshit,2019
Once Upon,word,shit,2019
Once Upon,word,shit,2019
Once Upon,word,shit,2019
Once Upon,word,shit,2019
Once Upon,word,shit,2019
Once Upon,word,shit,2019
Once Upon,word,shittiest,2019
Once Upon,word,shittiest,2019
Once Upon,word,shittiest,2019
Once Upon,word,shittiest,2019
Once Upon,word,shithole ,2019
Once Upon,word,horseshit,2019
Once Upon,word,shit,2019
Once Upon,word,shit,2019
Once Upon,word,shit,2019
Once Upon,word,shit,2019
Once Upon,word,shit,2019
Once Upon,word,bullshit,2019
Once Upon,word,shit,2019
Once Upon,word,shit,2019
Once Upon,word,shit,2019
Once Upon,word,shit,2019
Once Upon,word,shit,2019
Once Upon,word,shit,2019
Once Upon,word,shit,2019
Once Upon,word,horseshit,2019
Once Upon,word,shit,2019
Once Upon,word,pig-shit,2019
Once Upon,word,shit,2019
Once Upon,word,shit,2019
Once Upon,word,shit,2019
Once Upon,word,shit,2019
Once Upon,word,shit,2019
Once Upon,word,shit,2019
Once Upon,word,shit,2019
Once Upon,word,shit,2019
Once Upon,word,bitch,2019
Once Upon,word,bitchen ,2019
Once Upon,word,bitch,2019
Once Upon,word,bitch,2019
Once Upon,word,ass,2019
Once Upon,word,ass,2019
Once Upon,word,ass,2019
Once Upon,word,ass,2019
Once Upon,word,ass,2019
Once Upon,word,ass,2019
Once Upon,word,asshole,2019
Once Upon,word,"jackass	",2019
Once Upon,word,"asshole	",2019
Once Upon,word,asshole,2019
Once Upon,word,ass,2019
Once Upon,word,ass,2019
Once Upon,word,"asshole	",2019
Once Upon,word,asshole,2019
Once Upon,word,asshole,2019
Once Upon,word,assholes,2019
Once Upon,word,ass,2019
Once Upon,word,goddamn ,2019
Once Upon,word,goddamn ,2019
Once Upon,word,goddamn ,2019
Once Upon,word,goddamn ,2019
Once Upon,word,goddamn ,2019
Once Upon,word,damn,2019
Once Upon,word,goddamn ,2019
Once Upon,word,goddamn ,2019
Once Upon,word,damn,2019
Once Upon,word,goddamn ,2019
Once Upon,word,goddamn ,2019
Once Upon,word,goddamn ,2019
Once Upon,word,damn,2019
Once Upon,word,goddamn ,2019
Once Upon,word,goddamn ,2019
Once Upon,word,goddamn ,2019
Once Upon,word,goddamn ,2019
Once Upon,word,goddamn ,2019
Once Upon,word,goddamn ,2019
Once Upon,word,goddamn ,2019
Once Upon,word,damn,2019
Once Upon,word,goddamn ,2019
Once Upon,word,goddamn ,2019
Once Upon,word,goddamn ,2019
